RTS ID,Seq,Item,Project Name,
RTS0108626,CAACCACTGAGT,NCOA3_Hg19_109882.1:552,Test_CNV_1,ACCGTTCTTCATCCAGTGCAGGCACATTCTTGCCTTTGGGTATG
RTS0108627,TCACAGACCGTT,NCOA3_Hg19_127322.1:57,Test_CNV_1,ATGTCAGCCTGTGAAATTTTCCACTATTTCCCATAATAACATGCAGGCAC
RTS0108628,GGATACAAGGAA,NCOA3_Hg19_142858.1:174,Test_CNV_1,CCCAATTTCAAATTTTCTACATATCACAACAGTCTCATTCTCACTACTTT
RTS0108629,CCGCATCCTCGA,NCOA3_Hg19_15076.1:13,Test_CNV_1,TCTTGTTGGGCCACCTTCCAACCTGGAAGGCCAGA
RTS0108630,GAGGCATAAGCG,NCOA3_Hg19_153414.1:44,Test_CNV_1,TGCCTGTGATCCTAAATTATAGGGGCATTTTATGTATAGATGGAAATGAC
RTS0108631,CTGTCTGCGACG,NCOA3_Hg19_3252.1:369,Test_CNV_1,CTGATCATAAAACTTTTGTGTCACTTTTTTCTGCCTTGCTAGCCAAAATC
RTS0108632,GAAGTTCTTGGC,NCOA3_Hg19_35691.1:282,Test_CNV_1,TTCTGCCACCTAGTGGAAATTTATGTCCTCCAGCATACGTCTCAGAGTTT
RTS0108633,TTGTAAGACATA,NCOA3_Hg19_55941.1:192,Test_CNV_1,TTACCAACACAAGAGGTGGTCTCACTTTGTAACAACCCACTCTTTAGTCC
RTS0108634,GATCTGATGGAT,NCOA3_Hg19_69970.1:223,Test_CNV_1,CGGATCTTGGCTGTATTCCATAATCAATAGCCCTATGTATTGGTGATGGA
RTS0108635,TAAGTCAACCAT,NCOA3_Hg19_98613.1:154,Test_CNV_1,ATCAGTTTCAGTGTCCCTATCAGTAAAAGAAGTCACAAGCCGTCTTGAAT
RTS0108636,CCAGCCATAGTC,BRCA1_000.1:15018,Test_CNV_1,TTCTTTATTCTCATGTCCATGACCAGTCATAATAGTAATTATGAAAAACC
RTS0108637,GGATGTAAGCAG,BRCA1_000.1:27264,Test_CNV_1,TTCCCCAATTGAAAGTTGCAGAATCTGCCCAGAGTCCAGCTG
RTS0108638,AGCCTGACTAGA,BRCA1_000.1:35029,Test_CNV_1,TCCTTGGAACTTGCACATTACCCTTTATCAATTATCACCCTGTATTGGGG
RTS0108639,AGCCAAGCCATC,BRCA1_000.1:43465,Test_CNV_1,TGATTTATTTGACCTATTGCTGAATGTTGGAGGTTTCAGGGTAAGAGGCA
RTS0108640,CAAGTTAAGGTC,BRCA1_000.1:472,Test_CNV_1,AAACTTGGTAGCAAACACTTCCACCATGAATGACTGTTCTTGAGACTTAG
RTS0108641,AGTCGCCAGCGT,BRCA1_000.1:49136,Test_CNV_1,TGAACTTGATGCTCAGTATTTGCAGAATACATTCAAGGTTTCAAAGCGCC
RTS0108642,GATGTAGTTCTT,BRCA1_000.1:55773,Test_CNV_1,ACGCAGTTCCCACCTTGAAGAATCTTACTTTAAAAAGGGAGCAAAAGAGG
RTS0108643,TGTCTGGAAGAT,BRCA1_000.1:71036,Test_CNV_1,AGAAAAAGTAGAGTAGGTAATTTAGTAGAACAAGTGGGCTTTCTCCTTTT
RTS0108644,TCCTTACCACTC,BRCA1_000.1:81654,Test_CNV_1,CTCCCATCCTCTGATTGTACCTTGATTTCGTATTCTGAGAGGCTGCTGCT
RTS0108645,TGCACTACACCA,BRCA1_000.1:8828,Test_CNV_1,GTGAATTTTAGGCCTTGGCAATTTTCTTTTTATTGCAATGGGAAGGTCAA
RTS0108646,CGTATGGACCTT,NKX2_1_545.1:16,Test_CNV_1,CGGCGTCAGTCTTTTTCTGTTGTAACTTATGTAGATATTTGGCTTAAATA
RTS0108647,ACGATTCGCGAG,NKX2_1_545.1:122,Test_CNV_1,CTGTACATTTTGTTGTAAAAAGAAAAACCACTCCCAGTCCCCAGCCCTTC
RTS0108648,GTTCTGGTTATA,NKX2_1_903.1:95,Test_CNV_1,CGGGGCACAGATTGGAGAGGGCTCTGTGCTGACAT
RTS0108649,TGGATTAATTGA,NKX2_1_1095.1:126,Test_CNV_1,CCTGGCCGCGTTTAGACCAAGGAACAAAAAAACCACAAAGGC
RTS0108650,CCGCTGAGACTC,NKX2_1_1095.1:287,Test_CNV_1,GACTACGGCACCATGTCCTGCTCCACCTTGCTATACGGT
RTS0108651,CTGTCGATAGTT,NKX2_1_1970.1:364,Test_CNV_1,GTTCGAAAGAGGGAACTGAGACTGAGGGAGGGCAGCC
RTS0108652,GGAACGAAGCAA,NKX2_1_2553.1:9,Test_CNV_1,CCCTCACTGGGGCCTGACAGGAGAGAAGCCAAGAG
RTS0108653,GACCTCGCTGAA,NKX2_1_3391.1:159,Test_CNV_1,CGTGTACATCCAACAAGATCGGCGTTAAGGTAACACCAGAATATTTGGCA
RTS0108654,TACACGAGCATC,NKX2_1_3762.1:214,Test_CNV_1,CCTTCCTCTCAACCATCTCTCCTCCTCTGTTACTCCCCCACC
RTS0108655,CGGACCACGAGT,NKX2_1_3762.1:518,Test_CNV_1,ACTGACAGACACGTAGACCAACAGTGCGGCCCCAG
RTS0108656,TCCAGTACGTCT,PDE4D_134476.1:44,Test_CNV_1,TATTGACAAGTAGACAGGATACCATATTGGCCAGATCAGTTCATTCTGTC
RTS0108657,CGTTGGTCATGC,PDE4D_254387.1:5,Test_CNV_1,CTAGATGAAGATCTCCCTGGGAGAAAAAGAGTAATAAAAATGAAAAACAA
RTS0108658,GAATTGCCAGAG,PDE4D_288738.1:93,Test_CNV_1,CAAACTGCAGTAGGGATGAGCATGACAGCCACACATATCAAAGGCCAG
RTS0108659,GGATGGACACGT,PDE4D_388816.1:62,Test_CNV_1,ATTTTCAAGACGAGTAAATCCTGTTTACATCCTGTGGAAGGTTGGCTAAG
RTS0108660,CACGAGTGCTTA,PDE4D_453996.1:558,Test_CNV_1,GAAGTGTAATGAGGCAGAGAGGAGAGTGGCAAAAATAAACTGGAGAAGAT
RTS0108661,CACGTAGGTGGC,PDE4D_536654.1:162,Test_CNV_1,GCAAGAGGCCAATCTAATGTAGGCATAAAAAGAGTAATCTGGTAATCTGC
RTS0108662,ACCTCCTGATGT,PDE4D_652972.1:100,Test_CNV_1,TTAGACTTCCCAGGAAAAGCCTGGGCTTTGTTGCTGCAGGAAG
RTS0108663,GTGTTCTCCGAT,PDE4D_737844.1:177,Test_CNV_1,CTGAAACCTCTGTAGAGCACATTTGGGTAGACTTATGTTCTCATTCTTGC
RTS0108664,CTTGCCTAGTGG,PDE4D_85500.1:1679,Test_CNV_1,GAAAAGGCTCCTTGCTAGGTAAAACAAAAACAGAAGAAGTATGTGGATTC
RTS0108665,CCAAGAAGCCTC,PDE4D_877539.1:106,Test_CNV_1,TAATGCTAACCTTTTCAGTGTGTGTCCAGTACCACCATCGGTAAGGTAAA
RTS0108666,ATTAGGTCAATG,ZNF217_Hg19_10178.1:57,Test_CNV_1,ATAACCTCATCTGTAGAACCAAGGCGGATGTTACTCCTCCTCCGGATGG
RTS0108667,GTGATGGACGAT,ZNF217_Hg19_10467.1:302,Test_CNV_1,CGAGAAAGCAAAAGGAGGAAAGAAGCCTGTTTTCTTAATAAATAGATATT
RTS0108668,GTGACAAGCCGG,ZNF217_Hg19_14196.1:556,Test_CNV_1,CTGGCCAGGAATGGGGTTTGGAGAGCCAGAGTCAAGTC
RTS0108669,GAGTTCTAGTCG,ZNF217_Hg19_1454.1:96,Test_CNV_1,AACTGCTGGCCGAGCCCGCTGGGAGTCTAGAAAGA
RTS0108670,CGAGTAGCTGCC,ZNF217_Hg19_16424.1:102,Test_CNV_1,GGTTGCTGGGATTGACTTCTTGCTCAATTGAAACACTCATTCAATGGAGA
RTS0108671,AATATGTACGCT,ZNF217_Hg19_2618.1:6,Test_CNV_1,TACTCCCCATGAAATTAAATTTTACTTCATCCTTTGAGAAGCGAATGGTG
RTS0108672,CATATGACTTAT,ZNF217_Hg19_3944.1:308,Test_CNV_1,CTGCCTGTGAGAGGCAGGAGCCTGGTTTTTGTCCTAGG
RTS0108673,CAGACAACCACG,ZNF217_Hg19_6265.1:62,Test_CNV_1,AGGTAGATTGTTAACCTCATAGATGACTGGGGTTTTCCCCATAGAAATGT
RTS0108674,ACTCCGTAGAGA,ZNF217_Hg19_8349.1:15,Test_CNV_1,GGTCTGTCTAGTCCATTCTTGTCTTGCTGTTGAAATTCCAGATGCAGCCA
RTS0108675,CTACTCATTCAG,ZNF217_Hg19_8848.1:30,Test_CNV_1,TTTGTTTAGTCTTACTTTATTTTTAGAGAAAGGGTCTTGCTCCGTCATCT
RTS0108676,CTGATGCGCGAG,CDKN2A_632.1:18,Test_CNV_1,TGAGCACTCACGCCCTAAGCGCACATTCATGTGGG
RTS0108677,AGCGTTCTCGCA,CDKN2A_4172.1:17,Test_CNV_1,CAGTCTGTCCCTGCCCCTTTGCTATTTTGCCCGTG
RTS0108678,ATTATCTTCGCG,CDKN2A_7033.1:15,Test_CNV_1,CTTAAAGAAATGTAAGATGTGCTGGGACTACTTAGCCTCCAATTCACAGA
RTS0108679,CAAGGAGCCGCT,CDKN2A_10274.1:257,Test_CNV_1,CCCTGAATTCACTGAAAGTTTTATCTAGAAATACATGTGCAAGTGAACAC
RTS0108680,AGATAGAACAAC,CDKN2A_13995.1:8,Test_CNV_1,AATGCATCACCCCAGTCTTCCCTCCTCAAATGATTACTGTAGGCTCCACT
RTS0108681,CCTCCGCCTCCT,CDKN2A_16989.1:297,Test_CNV_1,CATCAGCAGCATAAGCAGAAATGAGATATTATATATGCTTGTGTTAGCAA
RTS0108682,GTCTGGTGTTAC,CDKN2A_19647.1:21,Test_CNV_1,CTTTCAGGCTGCCAGATCATCTGACTCAGCAATTGTATAACTCTCTCACC
RTS0108683,GCCAGTGTTCGT,CDKN2A_22161.1:136,Test_CNV_1,AGTGCGCTTCTGAGACTCTTGACAGCCATTTCGTTCCCTTCCAAG
RTS0108684,ATCTATGAATCT,CDKN2A_25885.1:304,Test_CNV_1,GTGATTGAAACTGCTCGGGACAATGCTCGTATGTTTAGCAAACGACAGAA
RTS0108685,TGGAGTCTCCTC,CDKN2A_27965.1:16,Test_CNV_1,AAATGGGCTAGACACAAAGGACTCGGTGCTTGTCCCAGC
RTS0108686,CAATGATCCGTA,EGFR_183573.1:245,Test_CNV_1,GGATAAAATTGATGCATTGCACATAGTCTCTCTGATAAGACAAACTGGCA
RTS0108687,CGCACATCTAGG,EGFR_161171.1:147,Test_CNV_1,AGCATGAGCCTTCCATCATCTCTACCAGATGAACTCTCATTTCTTCTTTC
RTS0108688,GCAATTAGCGTC,EGFR_140931.1:23,Test_CNV_1,CTGAGCAAGTTTCCACCACTGTTAGGAAGAAGTAGAAAGGAATTTGGAGG
RTS0108689,GAGAGAGTACGA,EGFR_120690.1:52,Test_CNV_1,ACCATCTTGAAAGGTTCTGGTGATAGTGGTTCCTAATGCAGTGAAAGATG
RTS0108690,CACATTAATAGT,EGFR_100801.1:56,Test_CNV_1,CACTAGAACTAAAGTGTTTTGCTTCATTCTTTAGACATTTTGTGGTTTAG
RTS0108691,GAACCTGTTATG,EGFR_81339.1:5,Test_CNV_1,AGGGGTGGAGACTGTTCTGAGAGCATGCTGGGTTCC
RTS0108692,TGGAACTGTTGA,EGFR_60815.1:29,Test_CNV_1,GCGTCATCAGTTTCTCATCATTTCACTGAGATATGCATCTATTACTTTTA
RTS0108693,GGAGGCAGACGT,EGFR_41262.1:42,Test_CNV_1,GCTGCCAGCCTTCTCCGTAATTAGCATGGCCCCAG
RTS0108694,TATCTCTTCGAT,EGFR_23121.1:26,Test_CNV_1,ACACTGTGTAGAAATGGCTCAGGTCCTTTAAAGCCCTGGTGTGAGGAGTG
RTS0108695,GTAGGTCATGAC,EGFR_4469.1:346,Test_CNV_1,GCCCCTACAGCATTGTTAAGAAAGTATTTGATTTTTGTCTCAATGAAAAT
RTS0108696,GTACGGCCTATC,ERBB2_30546.1:96,Test_CNV_1,CACATGGAAGCAAGTTTAGAAATGCAAGTGTATACCTGTAAAGAGGTGTG
RTS0108697,AGAGTCCACACG,ERBB2_25777.1:78,Test_CNV_1,GAGAATTATTCTAGCGAATGTTTGTGTTGTCCCAGTTCTGTTTACAAAGC
RTS0108698,AGCAATCCACCT,ERBB2_22349.1:97,Test_CNV_1,GTCCTTCAGTCAGGCTTCTCCCTGTCTGAGGTGGCATGA
RTS0108699,ATAATAAGAGAG,ERBB2_20003.1:15,Test_CNV_1,CTGATCATTGCTCACCCCACAGAGATCTTGAAAGGAGGGGTCTTGATCCA
RTS0108700,TGGCCTATAAGG,ERBB2_16650.1:163,Test_CNV_1,GGATCCAGATGTGGCAGCATCTCTTGGGGATGGCAG
RTS0108701,TACAGAGCACAA,ERBB2_15042.1:76,Test_CNV_1,GTTTTCGTCGTTTTGGTGGGGAGGTTGGTTTCTGTAAATGGGAACATATA
RTS0108702,GTCTCACGTCAC,ERBB2_12232.1:35,Test_CNV_1,TACTCGCTGTTACACCTTAGGTAATGCGTTTTCCTCTCTGGGTGCCTC
RTS0108703,TACTGCGTCTCC,ERBB2_8735.1:49,Test_CNV_1,AGCATGTGTTACAGGCTTGGTATGTACCAGACCCTGTGCTAAGCAAG
RTS0108704,CCGAACATGTAT,ERBB2_3897.1:285,Test_CNV_1,CAAAATTACAGACTTCGGGCTGGCTCGGCTGCTGGACATTG
RTS0108705,GTGAGACATGAC,ERBB2_702.1:180,Test_CNV_1,CTGTCCCTGAAACCTAGTACTGCCCCCCATGAGGAAGGAAC
RTS0108706,GAACCATCATTG,MYC_1059.1:0,Test_CNV_1,AAAAAAGCCACAGCATACATCCTGTCCGTCCAAGCAGAGGAGCAAAAG
RTS0108707,TGTTGGAAGGTC,MYC_2036.1:4,Test_CNV_1,TCAATGTCCTATCCTGGGAAGTTGCACTTTTCTTGTCCATGCCATAACCC
RTS0108708,TGTGGTGTTACT,MYC_2036.1:76,Test_CNV_1,AGGAGGTGCTTGGGAATGTGCTTTGCTTTGGGTGTGTC
RTS0108709,TCGCCGAAGTAC,MYC_2391.1:2,Test_CNV_1,CCTGAGTGCGGGAGCCAGTGAACTGCCTCAAGAGT
RTS0108710,GGTAGTGTCGGC,MYC_2391.1:231,Test_CNV_1,GTTTTTAAACCTTCTGGCTTATCTTACAACTCAATCCACTTCTTCTTACC
RTS0108711,TCTAATACGAAG,MYC_3242.1:4,Test_CNV_1,AAACATCATCATCCAGGACTGTATGTGGAGCGGCTTCTCGGC
RTS0108712,CAGCTTCTACTC,MYC_3554.1:2,Test_CNV_1,TCTACTGCGACGAGGAGGAGAACTTCTACCAGCAGCAGCAG
RTS0108713,TTACGACGGCGT,MYC_3799.1:166,Test_CNV_1,TTAAGGGCGCCAGGGCCGATTTCGATTCCTCTGCC
RTS0108714,TCCAGATCATGA,MYC_4471.1:75,Test_CNV_1,GAAAAACCAGGGCGAATCTCCGCACCCAGCCCTGA
RTS0108715,CATCGAGGATAC,MYC_4925.1:294,Test_CNV_1,ACTTTAATGCTGAGATGAGTCGAATGCCTAAATAGGGTGTCTTTTCTCCC
RTS0108716,TTCACGGATCAC,chrY_13591869.1:30,Test_CNV_1,CATATTGCCTACATTTTGAACCAAAACATTTGAACATCAAGAGTTTGTAC
RTS0108717,GCGTTCGAGCGA,chrY_211.1:84,Test_CNV_1,AAGATGCTGCCGAAGAATTGCAGTTTGCTTCCCGCAGATC
RTS0108718,AGGAGTCCTGAC,chrY_6857784.1:111,Test_CNV_1,GTGGAGACAGGTGCATGAAACGAGATACTTAAAAATTCTACTTTCTCTTT
RTS0108719,TCTAACCTGATG,gap0008_624343.1:0,Test_CNV_1,CCACTTTTCCCTCTCAGTTTCTCTCCATTCATAATATAGATGGACTAGCT
RTS0108720,TGCGCGTCAACA,gap0009_367238.1:25,Test_CNV_1,GTAAAAACAGAGTCAGTAATGCCACAGCCTCTGAAGAAGAGATCGG
RTS0108721,TGATTACATCTG,gap0024_2081202.1:0,Test_CNV_1,ACAGATTCCTTTCCTGGAATTTCTAGGTGCTAACTGCCTTACAAAAAGCT
RTS0108722,CGTTAAGATGTC,gap0025_631171.1:22,Test_CNV_1,ATGTGAAGTGCTTTTCATTTGGAGAATCATAAAGTATCCTGGGAAGATGA
RTS0108723,CTTCCTGCCAAC,gap0040_732186.1:39,Test_CNV_1,GCTTACTGCAGCCTAGTGAGTACGATGGCAAGGATGCAAATAAAGTAGTA
RTS0108724,TTACGTAGCACT,gap0041_1176522.1:0,Test_CNV_1,ACTGTGAGTCAAATTAGACTCCAGCAATAAATTTTCTTTTAGGATCAGCT
RTS0108725,GGAGAGACTTGG,gap0056_449066.1:0,Test_CNV_1,TGATTCAGAAGTCTTGGCTCTTAGTGCTGAATCTCTGGATTTGGGAAGCT
RTS0108726,AGCTAGTATTCT,gap0057s_582402.1:61,Test_CNV_1,TCCAGAGAGAACCACTACTGGATTTGAGGACACTGGGAATTATTGAAATT
RTS0108727,GTGGAATCATCG,gap0072_781522.1:0,Test_CNV_1,ACATTCTAACTGATGTTCCTAACATGCCTTAAATTCATTACTAAGTAGCT
RTS0108728,GGTTCGCAACTG,gap0073_491700.1:0,Test_CNV_1,GGTACATACCACCAAATTACATTGTCCTGTTTCATAATATGTTCATAGCT
RTS0108729,CCGATTGGTCCG,gap0088_308685.1:40,Test_CNV_1,AGTTCAAGTCCACTCTCTGTGTTACAGGTTAGAATTTTTTAGAAAGAAAT
RTS0108730,GCGCCACTCAAG,gap0089_706205.1:51,Test_CNV_1,CATAGAGGATGCTCAACAGGGACTATTACTGTATGAAAAGCATCAGTCAC
RTS0108731,AAGACGAGTCGC,gap0104_391998.1:0,Test_CNV_1,CCTCAGGTCAGATTTGATGTCCAGATGGGAGCAAGGTC
RTS0108732,ATGCCGTGACGC,gap0105_763524.1:0,Test_CNV_1,ATAAAGGGTGCCTTCTCTACATTGCGTGGTGTAAAGTCCACTTTG
RTS0108733,AGTCCGCGTCCG,gap0120_702944.1:36,Test_CNV_1,AAGATCGCATTGAGGAGTTGGGAATTCTGATCCCCAAGGC
RTS0108734,CATGAACTAGAA,gap0121_347804.1:2,Test_CNV_1,CCTATGCCTCAGGACCTGGGCATTAGACTTATCTTCCTGA
RTS0108735,CGAGTAGTAGAC,gap0135_1084274.1:0,Test_CNV_1,TCTTCCAGTATTACTTAAACCTTTTATCTTTGTTGGGGTTGTGTTTAGCT
RTS0108736,TACTCGCCAGAG,gap0137_1483533.1:10,Test_CNV_1,CTTCCCTTGATTTGAATTCCTGGGAGTATATTTCACTGGCTTCTTATGTA
RTS0108737,TATAACCAGATA,gap0152_532700.1:65,Test_CNV_1,CATATCTGAGTCATTTCCATTCAGGGAATGAGAAAAAAATGTAAATGGCT
RTS0108738,GTTACAGGACCT,gap0153_337861.1:28,Test_CNV_1,CACTTAATACAATTTGCCTAATGTCTTCATCATTTCATCGTAACAAAACC
RTS0108739,CGGTAACTCCAG,gap0168_510255.1:3,Test_CNV_1,TGACTGGAATCTGTTTCCGCAAAATGGAATCTCTTTCTCGCCAG
RTS0108740,CCGAGTACGATC,gap0169_1661296.1:0,Test_CNV_1,CTGAATGCAGGGCAAGGGAACAAAGGGTCCCCATAAGGAGGG
RTS0108741,CGACATTATCTC,gap0184_390157.1:0,Test_CNV_1,TTTTGTTCTGCTAATCTGTTGTTATGTCAGTTTAATTGATAGGTCCAGCT
RTS0108742,TTCTGACTATGT,gap0185_1365468.1:0,Test_CNV_1,GGGAAGGGCTAAAAGATAGGTCGGGGTAACCCTTCAGATCTGGCTCAGCT
RTS0108743,CGGAACATTACA,gap0201_545030.1:50,Test_CNV_1,TTTGAACAAAAATCTATTGAGAGATTAGCACCTACTTGGGATATGACTAT
RTS0108744,CTCGCGTTGACT,gap0202_851123.1:35,Test_CNV_1,CGGGATGTTTGGAATTTCTTCTAAGTACAATAGGAAACCATTGAGAGGTG
RTS0108745,CTGCCGGTGCAC,gap0217_676742.1:0,Test_CNV_1,ATTGTACTTGGATCCTTGTCACAGGGTCTACACATGGAGGAACATAAGCT
RTS0108746,CCGCAGACACCG,gap0218_409420.1:19,Test_CNV_1,TCCCTCCACCTGGTTGAACAATGACTCACTAGGCAGCA
RTS0108747,TGCTACGATGCG,gap0233_397650.1:40,Test_CNV_1,GTCACACAATACGAGCCTTGCTGGACCCAACTCATGTATTCCTTA
RTS0108748,CGTCCTGCGGAA,gap0234_1475317.1:25,Test_CNV_1,ACTTAATGCAACTAGGGGTGAGATGATGTGAAATAAATTCCATGTTGTTT
RTS0108749,CGCTGATGTGGT,gap0248_546099.1:73,Test_CNV_1,ATCTGTTTTCACATTGACACCCCTTAGTTACAGAGAAGGGGTCCTGATCC
RTS0108750,TCGTAGCATTCG,gap0249_204420.1:17,Test_CNV_1,ATCTTGAGCACGTGGCTCTCTGGTCTCTCCATTTCCAC
RTS0108751,CTACATGAGACG,gap0264_245245.1:33,Test_CNV_1,GACTGAGAAGGCAAGATTGATGGTATAAAAAGGGACTGGGAAAAAATATC
RTS0108752,GAAGGCTAAGAG,gap0265_265047.1:31,Test_CNV_1,CACGTGTCTTAGCGTCAGAACAATGACATTGACCTTCTTTGCC
RTS0108753,GGACGTCCAAGC,gap0280_306390.1:0,Test_CNV_1,AAGAAAAATTCAAATGAGATGCACTGGGAATCTAAACTTTGGACCTAGCT
RTS0108754,CATATTCAACAC,gap0281_429713.1:25,Test_CNV_1,GAGAGGACACCCGCAGGGGAACCCCGGGAGCAAGTTAT
RTS0108755,TCTCGTACAGAC,gap0296s_446052.1:60,Test_CNV_1,TCAGAGGATGATGGCTCTGGGTCACATGGGTGATGTGATTAG
RTS0108756,CTAACAACGCCA,gap0297_512105.1:53,Test_CNV_1,GCCGTGGAGATAAGGCACGTGTCTCAGAGGCCCTGCCA
RTS0108757,CAGTCGGTTAGA,gap0312_143033.1:18,Test_CNV_1,GTTTCCACTTCACCTCCAAAAAATGTGGTCAGAAGCCTCTATAGAAAGTG
RTS0108758,GTAGGTGAGTTG,gap0313_497807.1:22,Test_CNV_1,GCAAGGTCTGGGAGGAGGAACACACCACACACAAACTAAA
RTS0108759,TAACATCTACAC,gap0329_265682.1:60,Test_CNV_1,CAGGTTGCAGACTGCATTTATATATTCTGTGGACTTCACTCTAATTTCTG
RTS0108760,GTAAGGTACACT,gap0331_553711.1:0,Test_CNV_1,ACTTAGGATATGAAAGAGGAGAAGAGGAAGAAGGAAAAAGAGAAGGAGCT
RTS0108761,GTAGACATTGCG,gap0345_654680.1:104,Test_CNV_1,CTCCCACATGTCCTGTCTCTCCTGAGAGACCCTGTGCCTGTG
RTS0108762,ATCGAATAATCT,gap0346_328190.1:65,Test_CNV_1,GAGCAACCACTTGCATTTGTTGTTTGGAACACTAAATACCCTGATGTC
RTS0108763,GACAGCATGGAT,gap0358_1408258.1:0,Test_CNV_1,ATAACTTTGGAGAGGCTGAATATCTTCTTCTTATCTTAGTTTAGGGAGCT
RTS0108764,TTGCGCCGAGTC,gap0360_1225888.1:36,Test_CNV_1,AAATAAACATGAGTTAATACCATTTCTGACCCTAAATTGCACTATAAGGC
RTS0108765,CCATCATATTCA,gap0361_991094.1:0,Test_CNV_1,TGAGAGAATGCACAGTGATTTCCGGCAACTGCAAATAATTGAAAACAGCT
RTS0108766,ACGAGTTACCAC,gap0362_5811174.1:0,Test_CNV_1,TAGTATTGCCCTGGCAAATAAGGCAGAGGAACAGTTTAAATAGAGTAGCT
RTS0108767,AGAAGGAAGTCG,gap0363_122921.1:0,Test_CNV_1,ACCCACTATTTTGTCCTGATAGTTAATTCCTCTGTGATTCATTAATAGCT
RTS0108768,TTCGCAGTGTTG,gap0372_739916.1:139,Test_CNV_1,CCTAATCAGAAGGAAGAAAACTAAGATCTATGAGAAGTTGTAAATCAAAG
RTS0108769,CGTAAGTCGAAT,gap0373_318866.1:0,Test_CNV_1,TAATAAGTGTTTTCATATTTTAATGTGCCTCTTCCGTGGGTGTCAAAGCT
RTS0108770,CAATAGGAGTGC,ERCC_00003.1:705,Test_CNV_1,AAAACAATTCTCCTAATGCCGTTCAATTCTATCCCT
RTS0108771,TATAGCCGTGAT,ERCC_00013.1:513,Test_CNV_1,AAGTCTTGACCAACACCATGTCCGACATACTCCCTAACAACTGAAAACTG
RTS0108772,CCTACGGCTGAA,ERCC_00014.1:1107,Test_CNV_1,ATGGAATACACATCACATAAACGGATTAATGCCGAGACATCCGGTTCATG
RTS0108773,CGTGTTGCTCGT,ERCC_00014.1:774,Test_CNV_1,ATATTTTCTAAACCATACACAAGCTGATCAATCTTCATGACTTGTTCGAC
RTS0108774,TTGGATCTGGCC,ERCC_00014.1:9,Test_CNV_1,ATGACTAATTTAATTGTTTCGTTTGACATCTTGATCTCCTCTACTTTCCT
RTS0108775,ATCGATCAGACG,ERCC_00018.1:459,Test_CNV_1,CTAAGCCTTCAATTGCTTGCTCAAATTTCGTATTGTTTTCTAATACTTGC
RTS0108776,AGTGTGACTTCT,ERCC_00023.1:99,Test_CNV_1,AATATTTGACAACTTTATTCTTTACGTCATCGTCTACTGTCCTATCCTTC
RTS0108777,CAGTCCTAGGCT,ERCC_00024.1:472,Test_CNV_1,TCCAGTTAATGTAGTAATTTGGATAGCGTTGTGCTCACGC
RTS0108778,TTCGCTCTAACT,ERCC_00025.1:297,Test_CNV_1,ACGAAGATTAACTCCAGAGGTCAGGACAGAACCATTGAGAAGCGGATGAG
RTS0108779,TTAACGTTCAAG,ERCC_00028.1:515,Test_CNV_1,GCATTTGACGGGAGCATTGACGAAGACATAGTCCCTATCC
RTS0108780,GATGCTTCGCAG,ERCC_00028.1:555,Test_CNV_1,CCCCATTCCACACAGAGAGGTCGAAAAGGTATTTAGAAAG
RTS0108781,GTTGTTCCGTTG,ERCC_00031.1:135,Test_CNV_1,ATGTAGATACATCAATTTGGTAGACAGTTCGATATAAGGTTACTCACTAG
RTS0108782,TGACGAACCAAT,ERCC_00033.1:252,Test_CNV_1,AATGCCATTCTTAACAATCTTCCCAACTAAGTAACCTAAAGCTCCATAAA
RTS0108783,GCTTGCTTACGC,ERCC_00043.1:909,Test_CNV_1,TCTTTTGATTTTGTAATTGCTCTACCAACGATTAATATTTGATATTCTTT
RTS0108784,GATTACCGAATA,ERCC_00046.1:386,Test_CNV_1,TCTCACTCCACAAATTCATAAGCTTCACCATTTTACTTCACCAATTCCTT
RTS0108785,ATGTCTATTCCT,ERCC_00048.1:630,Test_CNV_1,ACCCATTGTATAGTATACTGCACCGCCATAACTGATATTGTTCTATTGAT
RTS0108786,GCCACAACCTCT,ERCC_00048.1:882,Test_CNV_1,GTTTAGGGATGCCAATATCTATAACGTCGAAGAGCTTCAGAGGTAAGTGA
RTS0108787,GTCGTTCCGCTC,ERCC_00057.1:945,Test_CNV_1,CGAGTAATTTCTTGCACACACGAGTAACATTTGCCATGACCGACAGACGT
RTS0108788,ACCTGTATCAGG,ERCC_00061.1:1044,Test_CNV_1,GTAAGAGATAGTACGGCGACTTCATTACCATCGGAGATCACAATCTGCCA
RTS0108789,CCGTTCATCACG,ERCC_00061.1:153,Test_CNV_1,GAAACTTACACCGAGTTAGTTAGCGATTCACCTCTACAATAAGTGCCTGG
RTS0108790,ATTGCGGACGCG,ERCC_00076.1:477,Test_CNV_1,AACGATGCTCCACTTCCCGAACCGTGTCTAGCGAGAATAACCAAGATGCG
RTS0108791,TGAAGCCGCTTA,ERCC_00084.1:107,Test_CNV_1,AAGGGATTACACAGTATCACCGATAAGCCCTCGAATACAACTTGAGGTAT
RTS0108792,CGTATCAGGCGA,ERCC_00084.1:775,Test_CNV_1,AGTATATCAGTCCCTATCTGAACCGCAGCCTAGACCGTTTGTAAAATATG
RTS0108793,AGATGCGAGAAC,ERCC_00086.1:756,Test_CNV_1,CTCCATCCCTCCAACTGCAACATCAACGCCTAAATAATGAATATCATTAA
RTS0108794,TTACAAGGATCT,ERCC_00092.1:495,Test_CNV_1,AGGTATTTACATTACCGTATCTGATAAGTCGCCCGAAGACAAAATCGTGA
RTS0108795,GTCGGTTCTGCT,ERCC_00099.1:351,Test_CNV_1,AGCTTATTCATTAATGTATGAATGTCTTCTTCCATGCCGACGTACTGATA
RTS0108796,ATACGATCTCTT,ERCC_00104.1:414,Test_CNV_1,GTCTCCATCAATAGCTAAAACCTTTTTTCCCAATTTAGCAAGTGCTACTG
RTS0108797,ACCAAGGAATGA,ERCC_00109.1:455,Test_CNV_1,AGACTTCTGATCTAGTGATTTCGACAACTTAACGGGCTAAAGTGAGCTTT
RTS0108798,GACAACTCTTGG,ERCC_00112.1:99,Test_CNV_1,ATGAACGATCGAGTAAGTACAGAACGCCTGCCTTAACAATATTAGTTGGG
RTS0108799,CGTCTAATATTG,ERCC_00116.1:1449,Test_CNV_1,TACTGAGCACCACCGAGAATGAACGAGACCGCGTGACATGTACGAAACCT
RTS0108800,TAGCGACACCTA,ERCC_00120.1:321,Test_CNV_1,AGGCTCAGCGTTATTTGATCACACTCGGATAAGTCTATAC
RTS0108801,GCCATTACTGGA,ERCC_00128.1:329,Test_CNV_1,GGCAATACTAGTTATGATCCATACCGTGTCCAAACCAGTA
RTS0108802,CTGAGCCGTGCC,ERCC_00130.1:666,Test_CNV_1,GAAGATCCTGAATAAATCCTACTGTATCTGAAAGAAGAACACTGTAGCCG
RTS0108803,GTGATAGGACGC,ERCC_00136.1:243,Test_CNV_1,TTCAATGCAAGCTTTTTAATGTGTAAGATAATCGTTGTAACATCTTCCAC
RTS0108804,ACTAACATAGCT,ERCC_00143.1:306,Test_CNV_1,GATGTCAATACTAGCCTAGCACTTCACATACGAGTTGACGATTACACATT
RTS0108805,TGCCTTGGTGTC,ERCC_00143.1:612,Test_CNV_1,ATCATTGACGAGAATCCTAGACATTCAGCGATAAGACCGGATCTATTTAG
RTS0108806,TCCGAGCAACAC,ERCC_00144.1:171,Test_CNV_1,GCCGTATTTACTTGTCAGCAACCGCCAATATTACGATAGTATATGTGACT
RTS0108807,TCCAGACTGCTG,ERCC_00145.1:279,Test_CNV_1,CAACAGCCGTATATAGCTCTCCTCCGGATACGACATCTAAAGAAAGTCCC
RTS0108808,GGTAACGCGCGA,ERCC_00145.1:531,Test_CNV_1,GATCGAAACCAAACTTTGAATCTTCCTGGCCCGTTGTAATGTAGTCATGC
RTS0108809,GCCTACAATGGA,CT47dot1_1565.1:80,Test_CNV_1,ATAATCAGCCGCTTTGGGTGGGAGATTTACTGGAAAAAAGGGAAATACAG
RTS0108810,GCCATATCTGAG,CT47dot6_814.1:115,Test_CNV_1,CCAATATTTGTGTAGAAAACAGTTGCCAGACACAGCCGCTAACTTG
RTS0108811,AGCACCTAAGGT,DUX4_12494.1:729,Test_CNV_1,GGCCTGGCACACTCAAGACTCCCACGGAGGTTCAG
RTS0108812,ATCCAACGGTGC,PRR20A_198.1:227,Test_CNV_1,ATTAAAAAGAGAGGAGTGGCAGGCGTTTGATGTACCTTGATTAGGGG
RTS0108813,CTGGCAATTGGT,PRR20A_584.1:530,Test_CNV_1,ATTCTAACAGATTCTAGAGAGCGGGAGACAGAGAAAGGAAAAGTCACATG
RTS0108814,GGACCGCTGGTC,REXO1L1P_1116.1:30,Test_CNV_1,GCCGACTACCTGGCACAGATCATCCAGGACAGCCA
RTS0108815,CCATGGATCCGC,REXO1L1P_2269.1:103,Test_CNV_1,CCAGCCCTTGCTTGGTCACAGGTTACACAGATGCCAAGAGAA
RTS0108816,AAGCTATGCTCG,TBC1D3_3245.1:43,Test_CNV_1,AAGTGAACAGCAACCTGGGGTCAGGTCCAGCAGGG
RTS0108817,ATTCACGCGTAG,TBC1D3_811.1:163,Test_CNV_1,AGTCTGAACAGTGAAGCCACTTTAGGAATAACGCCTGTTGAGCAG
